dataset,E,A,p,silhouette_score,davies_bouldin_score,calinski_harabasz_score,n_clusters_found,method,inertia,error,combination
Blobs,Euclidean,Mean,,0.797473988963273,0.2811066469065263,3290.737330989358,4,Standard_KMeans,17.466197609060572,,Standard_KMeans
Blobs,E_LK,A2,0.1,0.5740439625423822,0.4978109344900865,361.68833650978894,4,Fuzzy_Equivalence,,,E_LK_A2_p0.1
Blobs,E_LK,A2,1.0,0.5594843515053936,0.5383078216296374,341.0195792487499,4,Fuzzy_Equivalence,,,E_LK_A2_p1.0
Blobs,E_LK,A2,4.0,0.4620070328731138,0.7148025402813811,286.9693720601335,4,Fuzzy_Equivalence,,,E_LK_A2_p4.0
Blobs,E_LK,A3,,0.5450421451573096,0.5007362193535074,373.31248339473154,4,Fuzzy_Equivalence,,,E_LK_A3
Blobs,E_LK,A4,,0.041397632371155145,4.300635174140329,135.50098512922924,4,Fuzzy_Equivalence,,,E_LK_A4
Blobs,E_GG,A2,0.1,0.11728322329876434,0.9359153724572692,81.19051227408643,4,Fuzzy_Equivalence,,,E_GG_A2_p0.1
Blobs,E_GG,A2,1.0,0.14602217543834828,1.161027676696833,112.68881111932804,4,Fuzzy_Equivalence,,,E_GG_A2_p1.0
Blobs,E_GG,A2,4.0,0.07141901838110816,2.0997528176172913,158.64877577979865,4,Fuzzy_Equivalence,,,E_GG_A2_p4.0
Blobs,E_GG,A3,,0.1212171345824162,1.226949145497084,99.70833761729483,4,Fuzzy_Equivalence,,,E_GG_A3
Blobs,E_GG,A4,,0.09042025833010128,1.2880729323610536,174.75153969303787,4,Fuzzy_Equivalence,,,E_GG_A4
Blobs,E_GD,A2,0.1,0.05706807982024344,1.5047818004727205,95.13701452821823,4,Fuzzy_Equivalence,,,E_GD_A2_p0.1
Blobs,E_GD,A2,1.0,-0.16668147523672583,1.5087015194950923,105.12730770174976,4,Fuzzy_Equivalence,,,E_GD_A2_p1.0
Blobs,E_GD,A2,4.0,-0.25865588561155245,1.4422017734940635,130.8796710696363,4,Fuzzy_Equivalence,,,E_GD_A2_p4.0
Blobs,E_GD,A3,,-0.035977563362930544,1.6681374529639343,92.63365063518592,4,Fuzzy_Equivalence,,,E_GD_A3
Blobs,E_GD,A4,,-0.0024035089907655603,1.9626478241850114,137.91883966395713,4,Fuzzy_Equivalence,,,E_GD_A4
Blobs,E_FD,A2,0.1,0.2946723745398475,1.467563940351159,186.69304138158006,4,Fuzzy_Equivalence,,,E_FD_A2_p0.1
Blobs,E_FD,A2,1.0,0.30714466299520893,1.5085716501792676,194.49689824250768,4,Fuzzy_Equivalence,,,E_FD_A2_p1.0
Blobs,E_FD,A2,4.0,0.22489386677120143,2.361763080752,224.4823422850659,4,Fuzzy_Equivalence,,,E_FD_A2_p4.0
Blobs,E_FD,A3,,0.21156917688519722,1.632434646322107,145.53167274178486,4,Fuzzy_Equivalence,,,E_FD_A3
Blobs,E_FD,A4,,0.47585186485128445,0.7684487469704986,581.5017993936019,3,Fuzzy_Equivalence,,,E_FD_A4
Blobs,E_LK_R,A2,0.1,0.5210039539878751,0.5939105001690188,310.7725944109074,4,Fuzzy_Equivalence,,,E_LK_R_A2_p0.1
Blobs,E_LK_R,A2,1.0,0.4896323695722824,0.6841927140581079,281.4740552125933,4,Fuzzy_Equivalence,,,E_LK_R_A2_p1.0
Blobs,E_LK_R,A2,4.0,0.059368630848857296,1.5231825066555909,126.31653397889447,4,Fuzzy_Equivalence,,,E_LK_R_A2_p4.0
Blobs,E_LK_R,A3,,0.47468530431487693,0.6428362378237203,300.07594334096694,4,Fuzzy_Equivalence,,,E_LK_R_A3
Blobs,E_LK_R,A4,,0.03137868543993253,3.939551451351074,129.22770168140735,4,Fuzzy_Equivalence,,,E_LK_R_A4
Blobs,E_GG_R,A2,0.1,0.0,inf,0.0,0,Fuzzy_Equivalence,,Unknown fuzzy equivalence function: E_GG_R,E_GG_R_A2_p0.1
Blobs,E_GG_R,A2,1.0,0.0,inf,0.0,0,Fuzzy_Equivalence,,Unknown fuzzy equivalence function: E_GG_R,E_GG_R_A2_p1.0
Blobs,E_GG_R,A2,4.0,0.0,inf,0.0,0,Fuzzy_Equivalence,,Unknown fuzzy equivalence function: E_GG_R,E_GG_R_A2_p4.0
Blobs,E_GG_R,A3,,0.0,inf,0.0,0,Fuzzy_Equivalence,,Unknown fuzzy equivalence function: E_GG_R,E_GG_R_A3
Blobs,E_GG_R,A4,,0.0,inf,0.0,0,Fuzzy_Equivalence,,Unknown fuzzy equivalence function: E_GG_R,E_GG_R_A4
Blobs,E_GD_R,A2,0.1,0.282175057573469,1.3714809759961317,73.65141703022024,4,Fuzzy_Equivalence,,,E_GD_R_A2_p0.1
Blobs,E_GD_R,A2,1.0,0.03704610023716679,1.5767362720530047,81.50555167178376,4,Fuzzy_Equivalence,,,E_GD_R_A2_p1.0
Blobs,E_GD_R,A2,4.0,-0.28538835391390516,1.5193066748876491,107.85768123413688,4,Fuzzy_Equivalence,,,E_GD_R_A2_p4.0
Blobs,E_GD_R,A3,,0.09959084325435358,1.5751970399694613,81.301760424199,4,Fuzzy_Equivalence,,,E_GD_R_A3
Blobs,E_GD_R,A4,,-0.11805264438144088,4.169188021475504,105.83389457458404,4,Fuzzy_Equivalence,,,E_GD_R_A4
Blobs,E_FD_R,A2,0.1,0.4735441564749392,1.3028522633304886,267.8171420533527,4,Fuzzy_Equivalence,,,E_FD_R_A2_p0.1
Blobs,E_FD_R,A2,1.0,0.44121166739321843,1.3706216781370335,281.07227848311646,4,Fuzzy_Equivalence,,,E_FD_R_A2_p1.0
Blobs,E_FD_R,A2,4.0,0.3533184634697141,1.7277864277548187,352.81770564862825,4,Fuzzy_Equivalence,,,E_FD_R_A2_p4.0
Blobs,E_FD_R,A3,,0.2851165314861781,1.8544880601110574,190.09012092947944,4,Fuzzy_Equivalence,,,E_FD_R_A3
Blobs,E_FD_R,A4,,0.7206037170417988,0.35165375684259015,1951.831599981436,3,Fuzzy_Equivalence,,,E_FD_R_A4
Blobs,E_3,A2,0.1,0.13204668805899455,0.8476772884561621,69.10434448422934,4,Fuzzy_Equivalence,,,E_3_A2_p0.1
Blobs,E_3,A2,1.0,0.1770695405529601,1.0544572450584864,84.80822220582402,4,Fuzzy_Equivalence,,,E_3_A2_p1.0
Blobs,E_3,A2,4.0,0.17576348529870314,2.048011085969165,155.69284126483348,4,Fuzzy_Equivalence,,,E_3_A2_p4.0
Blobs,E_3,A3,,0.19272701961929106,1.1644694703145773,87.56317015249887,4,Fuzzy_Equivalence,,,E_3_A3
Blobs,E_3,A4,,0.0918833780972543,1.188628593860265,188.00173071852362,4,Fuzzy_Equivalence,,,E_3_A4
Blobs,E_4,A2,0.1,0.14568055944209637,0.7144422137765241,40.365924805314265,4,Fuzzy_Equivalence,,,E_4_A2_p0.1
Blobs,E_4,A2,1.0,0.18820008279046938,0.9039075503998866,51.18744551275639,4,Fuzzy_Equivalence,,,E_4_A2_p1.0
Blobs,E_4,A2,4.0,0.32817651871204073,1.1006060461315088,137.59563074381862,4,Fuzzy_Equivalence,,,E_4_A2_p4.0
Blobs,E_4,A3,,0.23668709290405654,1.1532692685185837,67.26979782203135,4,Fuzzy_Equivalence,,,E_4_A3
Blobs,E_4,A4,,0.1225798139827122,1.0897524227338506,228.10370759396955,4,Fuzzy_Equivalence,,,E_4_A4
Blobs,E_5,A2,0.1,0.08929570254382357,0.9382228388771376,78.04110466038672,4,Fuzzy_Equivalence,,,E_5_A2_p0.1
Blobs,E_5,A2,1.0,0.20567082320681018,1.3107774545932744,122.07247890220128,4,Fuzzy_Equivalence,,,E_5_A2_p1.0
Blobs,E_5,A2,4.0,0.058387597848310345,1.110928492418184,165.99830205004554,4,Fuzzy_Equivalence,,,E_5_A2_p4.0
Blobs,E_5,A3,,0.06728096531092351,1.2478873714839527,103.8064777295226,4,Fuzzy_Equivalence,,,E_5_A3
Blobs,E_5,A4,,0.09826518345325562,1.3308992422849926,179.14992525691937,4,Fuzzy_Equivalence,,,E_5_A4
Blobs,E_6,A2,0.1,0.49837224506923355,0.6376875459903624,286.57650189387823,4,Fuzzy_Equivalence,,,E_6_A2_p0.1
Blobs,E_6,A2,1.0,0.4748152993375304,0.7010198101244941,265.9618663510308,4,Fuzzy_Equivalence,,,E_6_A2_p1.0
Blobs,E_6,A2,4.0,0.29264479281277445,1.352097886022924,214.68361389487762,4,Fuzzy_Equivalence,,,E_6_A2_p4.0
Blobs,E_6,A3,,0.4567703773280121,0.6712435823230608,283.72696866914043,4,Fuzzy_Equivalence,,,E_6_A3
Blobs,E_6,A4,,0.02505773960357872,3.7659592621550875,126.96043276011693,4,Fuzzy_Equivalence,,,E_6_A4
